-- ----- ----- ----- ----- ----- 使用restaurant database ----- ----- ----- ----- -----
use restaurant;
-- ----- ----- ----- ----- ----- 會員 ----- ----- ----- ----- -----
INSERT INTO members (mem_id, mem_name, mem_account, mem_password, mem_gender, mem_phone, mem_email,
					mem_address, mem_birthday, mem_permission)
VALUES
('1', '連勝文', 'cga01','cga01', '1', '02-3345678', 'cga01@gmail.com','桃園市平鎮區復興路1號', "1970-02-03","0"),
('2', '連戰', 'cga02','cga02', '1', '02-3345678', 'cga02@gmail.com','桃園市平鎮區復興路1號', "1936-08-27","0"),
('3', '連震東', 'cga03','cga03', '0', '02-3345678', 'cga03@gmail.com','桃園市平鎮區復興路1號', "1904-04-23","0"),
('4', '連詠心', 'cga04','cga04', '1', '02-3345678', 'cga04@gmail.com','桃園市平鎮區復興路1號', "1981-08-27","0"),
('5', '連方瑀', 'cga05','cga05', '0', '02-3345678', 'cga05@gmail.com','桃園市平鎮區復興路1號', "1943-04-14","0"),
('6', '連勝武', 'cga06','cga06', '1', '02-3345678', 'cga06@gmail.com','桃園市平鎮區復興路1號', "1996-01-22","0"),
('7', '連橫', 'cga07','cga07', '1', '02-3345678', 'cga01@7mail.com','桃園市平鎮區復興路1號', "1878-02-17","0"),
('8', '蔡依珊', 'cga08','cga08', '0', '02-3345678', 'cga08@gmail.com','桃園市平鎮區復興路1號', "1979-05-22","0"),
('9', '連惠心', 'cga09','cga09', '0', '02-3345678', 'cga09@gmail.com','桃園市平鎮區復興路1號', "1967-08-01","0")
;
-- ----- ----- ----- ----- ----- 員工 ----- ----- ----- ----- -----
INSERT INTO employee ( emp_name, emp_account,emp_password,emp_permission,emp_phone,emp_address,emp_job,emp_hiredate)
VALUES
("周潤發","emp01", "123456","0","0987654321","桃園市中壢區","管理者","2018-06-01"),
("周慧敏","emp02", "123456","0","0977476476","桃園市新屋區鑫田三路9號","管理者","2018-06-01"),
("周星馳","emp03", "123456","0","0912333444","桃園市平鎮區隘寮路28號","領班","2019-07-23"),
("劉德華","emp04", "123456","0","0989546473","桃園市中壢區青埔七街30號","領班","2020-02-26"),
("金城武","emp05", "123456","0","0982576888","桃園市觀音區大潭五路33號","廚師","2019-03-15"),
("梁朝偉","emp06", "123456","0","0988123111","桃園市蘆竹區南平街8號","廚師","2020-04-16"),
("王祖賢","emp07", "123456","0","0928453654","桃園市蘆竹區羊稠街35號","廚師","2021-06-01"),
("古天樂","emp08", "123456","0","0975857444","桃園市中壢區青昇一街26號","服務員","2020-12-01"),
("莫文蔚","emp09", "123456","0","0915765765","桃園市中壢區文興路2號","服務員","2021-11-01"),
("蔡依林","emp10", "123456","0","0966876997","桃園市中壢區雙福路10號","服務員","2021-10-30"),
("鄧紫棋","emp11", "123456","0","0987876544","桃園市中壢區永發路19號","服務員","2022-05-29"),
("田馥甄","emp12", "123456","0","0937123444","桃園市楊梅區仁美路12號","服務員","2021-06-25"),
("楊丞琳","emp13", "123456","0","0979564666","桃園市八德區忠勇二街17號","服務員","2022-01-10"),
("張家輝","emp14", "123456","0","0932767886","桃園市平鎮區龍祥路18號","服務員","2021-06-06"),
("周杰倫","emp15", "123456","0","0977465398","桃園市桃園區長壽街33號","服務員","2021-08-15")
;
-- ----- ----- ----- ----- ----- 會員 ----- ----- ----- ----- -----
INSERT INTO functions ( function_id, function_name)
VALUES
( 1,"查看廚房訂單"),
( 2,"查看外送訂單"),
( 3,"查看外帶訂單"),
( 4,"查看訂位"),
( 5,"查看候位")
;
-- ----- ----- ----- ----- ----- 權限 ----- ----- ----- ----- -----
INSERT INTO permission ( emp_id, function_id)
VALUES
( 1,1),
( 2,1),
( 3,1),
( 4,1),
( 5,1)
;
-- ----- ----- ----- ----- ----- 排隊人員 ----- ----- ----- ----- -----
insert into waiting( waiting_date, waiting_time, current_no, current_queued_no)
values
( curdate(), "1", "1", "0" )
;
-- ----- ----- ----- ----- ----- 候位 ----- ----- ----- ----- -----
insert into queuer(	waiting_id, queuer_status, queuer_name, queuer_phone, queuer_no)
values
( "1", "0", "王亮棋", "0919195860", "1")
;
-- ----- ----- ----- ----- ----- 桌型 ----- ----- ----- ----- -----
INSERT INTO table_type (table_type_id,table_type)
VALUES 
('1','2'),
('2','4')
;
-- ----- ----- ----- ----- ----- 桌子 ----- ----- ----- ----- -----
INSERT INTO seat (seat_id,table_type_id)
VALUES 
('1','1'),
('2','1'),
('3','1'),
('4','2'),
('5','2'),
('6','2'),
('7','2')
;
-- ----- ----- ----- ----- ----- 訂位 ----- ----- ----- ----- -----
insert into reservation 
(mem_id, reservation_num, reservation_time, reservation_to_seat, reservation_date, reservation_eatday)
values
(1,2,0,0,now(),'2022-08-08 12:30'),
(2,4,0,0,now(),'2022-08-09 13:10'),
(3,6,0,0,now(),'2022-08-10 18:40'),
(4,8,0,0,now(),'2022-08-11 19:20')
;
-- ----- ----- ----- ----- ----- 訂位控制 ----- ----- ----- ----- -----
insert into reservation_ctrl 
(reservation_ctrl_id,reservation_ctrl_open,reservation_ctrl_date,reservation_ctrl_period,reservation_ctrl_max,reservation_ctrl_number)
values
(1,0,'2022-10-10',0,40,20),
(2,0,'2022-08-08',0,40,30)
;
-- ----- ----- ----- ----- ----- 餐點種類 ----- ----- ----- ----- -----
INSERT INTO meals_category (meals_category_id,meals_category)
VALUES ('1','前菜')
;
-- ----- ----- ----- ----- ----- 餐點 ----- ----- ----- ----- -----
INSERT INTO meals (meals_id,meals_category_id,meals_name,meals_price,meals_info,meals_control)
VALUES 
('1','1','松露薯條','200','松露很香','0'),
('2','1','炭烤牛橫膈佐時蔬','400','橫膈膜炭火烤爐搭配季節時蔬佐自製橄欖油及巴薩米可醋','0')
;
-- ----- ----- ----- ----- ----- 訂單 ----- ----- ----- ----- -----
INSERT INTO orders (orders_id, mem_id, emp_counter_id, emp_delivery_id,
			seat_id, orders_type, orders_amount, orders_status, 
            orders_destination, orders_bulid_date, orders_make_date)
VALUES
(1, 1, 1, 10, 1, 2, 500, 0,'桃園市平鎮區', "1996-01-22","2011-12-31"),
(2, 2, 2, 10, 2, 2, 1500, 0,'桃園市平鎮區', "1996-01-22","2011-12-31"),
(3, 3, 3, 10, 3, 2, 3500, 0,'桃園市平鎮區', "1996-01-23","2011-12-31"),
(4, 4, 4, 10, 4, 2, 520, 0,'桃園市平鎮區', "1996-02-22","2011-12-11"),
(5, 5, 5, 10, 5, 2, 230, 0,'桃園市平鎮區', "1996-04-22","2011-12-23"),
(6, 6, 6, 10, 6, 2, 440, 0,'桃園市平鎮區', "1996-05-22","2011-12-13"),
(7, 6, 7, 10, 7, 2, 520, 0,'桃園市平鎮區', "1996-06-22","2011-1-21")
;
-- ----- ----- ----- ----- ----- 訂單明細 ----- ----- ----- ----- -----
INSERT INTO orddetails(orddetails_id, orders_id, meals_id, orddetails_meals_quantity, 
		orddetails_meals_amount, orddetails_meals_status, orddetails_deliver_ststus)
VALUES
(1, 1, 1, 2, 400, 1, 1),
(2, 1, 2, 2, 800, 1, 1)
;
    

-- ----- ----- ----- ----- ----- 最新消息 ----- ----- ----- ----- -----
INSERT INTO news(emp_id,news_date,news_title,news_information,news_control)
	values
    (1,"2022-1-21","1","A","0"),
    (1,"2022-1-21","2","B","0")
    ;
-- ----- ----- ----- ----- ----- 關於我們 ----- ----- ----- ----- -----
INSERT INTO about_us( about_us_name, about_us_content)
values
("中午用餐時段","11:00 ~ 14:00"),
("晚上用餐時段","15:00 ~ 21:00"),
("聯絡電話","034251108"),
("地址","桃園市中壢區復興路46號9樓")
;
-- ----- ----- ----- ----- ----- 線上客服 ----- ----- ----- ----- -----
INSERT INTO chatroom_service( emp_id, mem_id, chatroom_id, chatroom_content, chatroom_send_direction, chatroom_create_time, chatroom_end_time)
values
(null,1,1,"你好",0,now(),curtime()),
("1",null,1,"你好,請問有什麼能為您服務的嗎?",1,now(),curtime()),
(null,1,1,"想請問一下,你們餐廳的位置?",0,now(),curtime()),
("1",null,1,"我們餐廳位置是在桃園市中壢區復興路46號9樓",1,now(),curtime()),
(null,1,1,"附近有什麼地標嗎?",0,now(),curtime()),
("1",null,1,"在中壢火車站附近,步行到看到兆豐銀行,位於銀行的樓上",1,now(),curtime()),
(null,1,1,"感謝您",0,now(),curtime()),
("1",null,1,"不客氣,期待您的到來!",1,now(),curtime())
;
-- ----- ----- ----- ----- ----- 機器人 ----- ----- ----- ----- -----
INSERT INTO botqa( keyword_name, keyword_contnxt)
values
("餐廳位置","桃園市中壢區復興路46號9樓"),
("餐廳電話","03-425 1108"),
("餐廳類型","義式餐酒館"),
("成立時間","2017-01-01"),
("理念","現在餐廳越來越多元化，
每餐的選擇也隨之變多，大多數人都會事先調查餐廳的服務評價及餐點的價格。
我們希望能藉由我們的網站提供更完善的服務，包含瀏覽菜單，還有訂餐、訂位。"),
("餐點類型","前菜 , 主餐 , 附餐 , 甜點 , 飲料 ...")
;
-- ----- ----- ----- ----- ----- ----- ----- ----- ----- -----